Page title and screen class,Views
FireFly Farms | 20 Years of Cheese,39529
Visit | FireFly Farms,36885
Shop Online | FireFly Farms,22906
FireFly Farms Cafe Menu | FireFly Farms,6505
Cabra LaMancha | FireFly Farms,4397
Merry Goat Round | FireFly Farms,3802
Fresh Goat Cheese | FireFly Farms,3566
Our Difference | FireFly Farms,2979
Contact | FireFly Farms,2960
Our Cheeses | FireFly Farms,2884
Black & Blue | FireFly Farms,2843
Mountain Top | FireFly Farms,2455
FAQ | FireFly Farms,2404
Bloomy Breeze | FireFly Farms,2387
My Account | FireFly Farms,2383
Checkout | FireFly Farms,2032
Merry Goat Round Spruce Reserve | FireFly Farms,1969
FireFly Cheese Club | FireFly Farms,1660
Cave Dweller | FireFly Farms,1606
Carpenter's Wheel | FireFly Farms,1571
All Goat | FireFly Farms,1513
Moo & Blue | FireFly Farms,1502
Shipping | FireFly Farms,1222
The Heritage Sampler | FireFly Farms,1163
Manufacturing | FireFly Farms,1131
Recipes Archive | FireFly Farms,1055
Farming | FireFly Farms,1019
Cart | FireFly Farms,904
White Rock | FireFly Farms,872
Careers | FireFly Farms,868
Mother's Day Gift Box | FireFly Farms,817
Page not found | FireFly Farms,755
FireFly Farms Christmas Sampler | FireFly Farms,713
Cow's Milk Sampler | FireFly Farms,599
Wholesale | FireFly Farms,555
Preview our November Pairings | FireFly Farms,550
Cheese Club | FireFly Farms,544
Barely Blue — sampler box | FireFly Farms,531
All Spruced Up — sampler box | FireFly Farms,517
News & Events | FireFly Farms,466
American Cheese Month Sampler | FireFly Farms,438
Honey honey — sampler box | FireFly Farms,421
Mediterranean Tilapia with Fresh Goat Cheese | FireFly Farms,371
Awards | FireFly Farms,345
Watermelon & Blue Cheese Salad | FireFly Farms,320
Sampler Boxes Archives | FireFly Farms,259
American Cheese Month | FireFly Farms,258
Recipes Archive | Page 2 of 4 | FireFly Farms,235
Fall Wine Events! | FireFly Farms,206
Apple and Fresh Goat Cheese Tart | FireFly Farms,195
Flouwer Co. Artisanal Crackers | FireFly Farms,191
Wensleydale with Cranberry | FireFly Farms,179
Recipes Archive | Page 3 of 4 | FireFly Farms,170
Dates Stuffed with Fresh Goat Cheese | FireFly Farms,167
Merry Goat Round & Wild Mushroom Tartlettes | FireFly Farms,158
FireFly Sampler | FireFly Farms,157
Creamy Goat Cheese Spinach and Shrimp Dip | FireFly Farms,155
yes Archives | FireFly Farms,150
Herby Harissa Fresh Goat Cheese Shakshuka | FireFly Farms,144
Cradoc's Sea Salted Crackers | FireFly Farms,141
FireFly’s Mike Koch Elected President of the American Cheese Society | FireFly Farms,132
Goat Cheese & Pistachio Soufflé | FireFly Farms,132
Halloween Sampler | FireFly Farms,125
Jumping Jack Sampler | FireFly Farms,125
Key Lime & Fresh Goat Cheese Cheesecake | FireFly Farms,123
Login | FireFly Farms,123
October Pairings at our Deep Creek Market | FireFly Farms,122
Nat's Nuts Vanilla Chai Cashews | FireFly Farms,120
FireFly Farms Wins 3 Medals at the 2023 World Cheese Awards | FireFly Farms,118
Nat's Nuts Maple Bourbon Almonds | FireFly Farms,114
Cabrita | FireFly Farms,110
Terms & Policies | FireFly Farms,106
Big Picture Farm Chocolate Covered Goat Milk Caramels | FireFly Farms,105
"Grapefruit, Goat Cheese, & Arugula Salad with Cranberries and Pine Nuts | FireFly Farms",99
Our Cheeses Archives | FireFly Farms,99
Golden Beet Salad | FireFly Farms,98
Company and Team Honors Archives | FireFly Farms,97
Red Leicester | FireFly Farms,94
Herby Harissa Mac 'n Cheese | FireFly Farms,91
January 2023 | FireFly Farms,87
Risotto Goat Cheese Croquettes | FireFly Farms,85
Green Dirt Prairie Tomme | FireFly Farms,83
FireFly Farms wins three places at 2025 ACS | FireFly Farms,81
Summer Wine Pairings at our Deep Creek Market | FireFly Farms,81
Western Maryland’s FireFly Farms plans expansions throughout the state | FireFly Farms,81
Privacy Policy | FireFly Farms,79
Jumping Jack | FireFly Farms,77
FireFly's Partnership with Murray's Cheese featured in the news | FireFly Farms,76
Organic Sourdough Sea Salt Crackers | FireFly Farms,75
FireFly featured on Cutting the Curd podcast! | FireFly Farms,74
"Bloomy Breeze featured in Antonelli's ""All American Picnic"" club box | FireFly Farms",70
December 2022 | FireFly Farms,68
Merry Goat Round and Wild Mushroom Crostini | FireFly Farms,68
Firm Goat Cheese Archives | FireFly Farms,67
Coffee Blossom Honey | FireFly Farms,65
"Stephan Sveshnikov, Author at FireFly Farms",64
Nat's Nuts Cinnamon Whiskey Pecans | FireFly Farms,63
"""FireFly Farms is Building a Better Food System,"" writes Saxelby | FireFly Farms",62
FireFly Farms,61
"January 6, 2023 | FireFly Farms",61
Herdsman | FireFly Farms,60
Cow Milk Cheese Archives | FireFly Farms,58
FireFly Cheese Archives | FireFly Farms,58
Legendary Moo | FireFly Farms,58
Scrambled Eggs with Fresh Goat Cheese & Wild Mushrooms | FireFly Farms,58
"octavodesigns, Author at FireFly Farms",58
Mushrooms Stuffed with Goat Cheese & Spinach | FireFly Farms,57
News & Events | Page 2 of 3 | FireFly Farms,56
Shakerag Blue | FireFly Farms,55
FireFly Farms Celebrates 20 Years of Awards for Its Sustainable Artisan Cheese | FireFly Farms,53
"Apprentice from Madison, WI sponsored by Anne Saxelby Legacy Fund | FireFly Farms",52
Girl Meets Dirt Rhubarb Lavender Spoon Preserves | FireFly Farms,50
"Spinach Salad with Goat Cheese, Beet Chutney, Caramelized Walnuts, and Balsamic Vinaigrette | FireFly Farms",47
"Blue Cheese, Pear, and Prosciutto Flatbread with Rosemary Vinaigrette | FireFly Farms",45
FireFly Market Moves to Make Space for Cheese Making Expansion | FireFly Farms,45
Mushroom Goat Cheese Polenta Cake | FireFly Farms,45
"Stephan Sveshnikov, Author at FireFly Farms | Page 2 of 2",45
"""We’re here to contribute to our community and preserve family farming..."" | FireFly Farms",43
Mystery Cheese | FireFly Farms,42
Jams and Sweet Pairings Archives | FireFly Farms,40
News & Events | Page 3 of 3 | FireFly Farms,40
Soft Goat Cheese Archives | FireFly Farms,39
Winter Blues | FireFly Farms,39
Oveja Negra Organic Manchego | FireFly Farms,38
Cheese Wedge Ornament | FireFly Farms,37
Legendary Blue | FireFly Farms,37
FireFly Farms Opens New Retail Shop in Accident | FireFly Farms,36
Grilled Merry Goat Round & Ham Sandwiches | FireFly Farms,36
Potter's Organic Winter Wheat Crackers | FireFly Farms,35
Merry Goat Round Soufflé | FireFly Farms,34
Mushroom and Onion Soup with Goat Cheese Toasts | FireFly Farms,34
On the Menu Archives | FireFly Farms,34
Other Cheeses Archives | FireFly Farms,34
Parra Jimenez Organic Manchego | FireFly Farms,34
FireFly Wins 3 Medals at 39th American Cheese Society Conference | FireFly Farms,29
Mountain Top Blue & Leek Tart | FireFly Farms,29
Huntsman (Long Clawson) | FireFly Farms,28
Salmon and Chèvre Canapés | FireFly Farms,28
Subscription Boxes Archives | FireFly Farms,28
Father's Day Gift Box | FireFly Farms,26
Lindera Farms' Candied Crab Apple Tart with Goat Milk Buttercream | FireFly Farms,26
"Fresh Goat Cheese, Fig, Jamon Serrano, and Arugula Pizza | FireFly Farms",25
White House Worthy? Brian Keyser says yes! | FireFly Farms,24
Zucchini Butter & Fresh Goat Cheese Pasta | FireFly Farms,24
Black & Blue (Pre-cut) | FireFly Farms,23
Crackers Archives | FireFly Farms,22
"October 31, 2023 | FireFly Farms",22
Baked Egg Avocado Stuffed with Goat Cheese | FireFly Farms,21
Anne Saxelby Legacy Fund Supports New FireFly Apprentice | FireFly Farms,19
2025 | FireFly Farms,18
3 month gift subscriptions Archives | FireFly Farms,18
Patagonia Rosemary Garlic Organic Crackers | FireFly Farms,18
You searched for Wine | FireFly Farms,18
You searched for Charcuterie | FireFly Farms,17
Firm Goat Cheese Archives | Page 2 of 2 | FireFly Farms,16
Website Archives | FireFly Farms,16
2019 | FireFly Farms,15
Cheese Box Quiz | FireFly Farms,14
"FireFly Farms Mountain Top Blue featured in the ""Chattanooga Times Free Press"" | FireFly Farms",14
"Mushroom, Leek, Onion & Bloomy Breeze Tart | FireFly Farms",13
Taste of Fall | FireFly Farms,13
You searched for Cheese | FireFly Farms,13
| FireFly Farms,13
A Maryland small business on how buying local is a very big deal | FireFly Farms,12
Antonelli's Monthly Cheese Club features Black & Blue | FireFly Farms,12
"December 20, 2021 | FireFly Farms",12
You searched for Goat | FireFly Farms,12
2023 | FireFly Farms,11
March 2023 | FireFly Farms,11
You searched for Crackers | FireFly Farms,11
April 2022 | FireFly Farms,10
Cheese Awards & Recognition Archives | FireFly Farms,10
In the News Archives | Page 2 of 2 | FireFly Farms,10
News & Events | Page 2 of 2 | FireFly Farms,10
September 2024 | FireFly Farms,10
You searched for Gouda | FireFly Farms,10
Blake Hill Gooseberry with Elderflower | FireFly Farms,9
Gift Cards Archives | FireFly Farms,9
Moo & Blue (Pre-cut) | FireFly Farms,9
"September 18, 2024 | FireFly Farms",9
Soft Goat Cheese Archives | Page 2 of 2 | FireFly Farms,9
You searched for Goat cheese | FireFly Farms,9
Artisan Fruitcake Crisps | FireFly Farms,8
In the Retail Case Archives | FireFly Farms,8
"July 28, 2024 | FireFly Farms",8
"November 11, 2024 | FireFly Farms",8
"September 6, 2023 | FireFly Farms",8
You searched for Milk | FireFly Farms,8
In the News Archives | FireFly Farms,7
"May 14, 2025 | FireFly Farms",7
You searched for Butter | FireFly Farms,7
You searched for Honey | FireFly Farms,7
You searched for charcuterie | FireFly Farms,7
You searched for crackers | FireFly Farms,7
"July 25, 2025 | FireFly Farms",6
You searched for Blue cheese | FireFly Farms,6
You searched for Brie | FireFly Farms,6
You searched for Feta | FireFly Farms,6
You searched for Gift card | FireFly Farms,6
You searched for Jam | FireFly Farms,6
You searched for Meat | FireFly Farms,6
You searched for Mozzarella | FireFly Farms,6
You searched for Truffle | FireFly Farms,6
You searched for White rock | FireFly Farms,6
You searched for jam | FireFly Farms,6
Barnacle Foods Spruce Tip Jelly | FireFly Farms,5
"February 1, 2023 | FireFly Farms",5
"June 22, 2022 | FireFly Farms",5
October 2025 | FireFly Farms,5
"October 5, 2025 | FireFly Farms",5
You searched for Blue | FireFly Farms,5
You searched for Cbd | FireFly Farms,5
You searched for Christmas box | FireFly Farms,5
You searched for Coffee | FireFly Farms,5
You searched for Jelly | FireFly Farms,5
You searched for Sandwich | FireFly Farms,5
Non-Food Items Archives | FireFly Farms,4
West Virginia Cherry-Jalapeño Pepper Jam | FireFly Farms,4
You searched for Beef tallow | FireFly Farms,4
You searched for Cbd oil | FireFly Farms,4
You searched for Charcuterie board | FireFly Farms,4
You searched for Eggs | FireFly Farms,4
You searched for Gift certificate | FireFly Farms,4
You searched for Peppers | FireFly Farms,4
You searched for Sharp cheddar | FireFly Farms,4
You searched for Sheep | FireFly Farms,4
You searched for Soap | FireFly Farms,4
You searched for gift baskets | FireFly Farms,4
You searched for gift | FireFly Farms,4
You searched for wine | FireFly Farms,4
Blue Template with CTA Button on Right | FireFly Farms,3
"December 13, 2022 | FireFly Farms",3
"December 5, 2022 | FireFly Farms",3
June 2022 | FireFly Farms,3
Sandwich | Paris in Baltimore | FireFly Farms,3
"September 22, 2022 | FireFly Farms",3
You searched for Beef | FireFly Farms,3
You searched for Black pepper cheese | FireFly Farms,3
You searched for Board | FireFly Farms,3
You searched for Bread | FireFly Farms,3
You searched for Burrata | FireFly Farms,3
You searched for Cbcd | FireFly Farms,3
You searched for Cheese curds | FireFly Farms,3
You searched for Cheese plate | FireFly Farms,3
You searched for Chocolate | FireFly Farms,3
You searched for Christmas | FireFly Farms,3
You searched for Cranberry | FireFly Farms,3
You searched for Espresso cheese | FireFly Farms,3
You searched for Gift basket | FireFly Farms,3
You searched for Gift | FireFly Farms,3
You searched for Goat cheese with cranberry | FireFly Farms,3
You searched for Lemon | FireFly Farms,3
You searched for Mango | FireFly Farms,3
You searched for Pet pro | FireFly Farms,3
You searched for Sandwiches | FireFly Farms,3
You searched for Stilton | FireFly Farms,3
You searched for Toffee | FireFly Farms,3
You searched for Whiskey cheese | FireFly Farms,3
You searched for breeze | FireFly Farms,3
You searched for chicken | FireFly Farms,3
You searched for gift basket | FireFly Farms,3
You searched for gift certificate | FireFly Farms,3
You searched for gouda | FireFly Farms,3
2022 | FireFly Farms,2
December 2025 | FireFly Farms,2
"June 28, 2023 | FireFly Farms",2
"March 23, 2023 | FireFly Farms",2
"May 24, 2023 | FireFly Farms",2
Savory Archives | FireFly Farms,2
September 2025 | FireFly Farms,2
You searched for 16 oz goat cheese | FireFly Farms,2
You searched for 180 snacks | FireFly Farms,2
You searched for Almonds | FireFly Farms,2
You searched for Appalachian cheese | FireFly Farms,2
You searched for Baked goods | FireFly Farms,2
You searched for Black and blue | FireFly Farms,2
You searched for Black pepper | FireFly Farms,2
You searched for Brei | FireFly Farms,2
You searched for Bulbs | FireFly Farms,2
You searched for Cabra | FireFly Farms,2
You searched for Cheddar | FireFly Farms,2
You searched for Cheese board | FireFly Farms,2
You searched for Cheesecake | FireFly Farms,2
You searched for Christmasbox | FireFly Farms,2
You searched for Cow cheese | FireFly Farms,2
You searched for Cranberry cheese | FireFly Farms,2
You searched for Duck | FireFly Farms,2
You searched for Elderberry | FireFly Farms,2
You searched for Fig | FireFly Farms,2
You searched for Firedly | FireFly Farms,2
You searched for Food | FireFly Farms,2
You searched for GOAT | FireFly Farms,2
You searched for Gifts | FireFly Farms,2
You searched for Goat milk cheese | FireFly Farms,2
You searched for Goat sampler | FireFly Farms,2
You searched for Guinea's cheese | FireFly Farms,2
You searched for Halloumi | FireFly Farms,2
You searched for Havarti | FireFly Farms,2
You searched for Iris | FireFly Farms,2
You searched for Jakes gouda | FireFly Farms,2
You searched for Jake’s Gouda | FireFly Farms,2
You searched for Kimchi | FireFly Farms,2
You searched for Kombucha | FireFly Farms,2
You searched for Lemon cheese | FireFly Farms,2
You searched for Lemon honey | FireFly Farms,2
You searched for Lotions | FireFly Farms,2
You searched for Maple butter apple butter | FireFly Farms,2
You searched for Meat tray | FireFly Farms,2
You searched for Mustard | FireFly Farms,2
You searched for Online gift card | FireFly Farms,2
You searched for Parma | FireFly Farms,2
You searched for Parmesan | FireFly Farms,2
You searched for Quince | FireFly Farms,2
You searched for Red dragon cheese | FireFly Farms,2
You searched for Red dragon | FireFly Farms,2
You searched for Reggiano | FireFly Farms,2
You searched for Roselily | FireFly Farms,2
You searched for Sandwhiches | FireFly Farms,2
You searched for Sausages | FireFly Farms,2
You searched for Seeds | FireFly Farms,2
You searched for Smok | FireFly Farms,2
You searched for Spring in a bottle | FireFly Farms,2
You searched for Steak | FireFly Farms,2
You searched for Tallow | FireFly Farms,2
You searched for Tea | FireFly Farms,2
You searched for Triple cream | FireFly Farms,2
You searched for Turkey | FireFly Farms,2
You searched for Vegan | FireFly Farms,2
You searched for beef | FireFly Farms,2
You searched for blue cheese | FireFly Farms,2
You searched for board | FireFly Farms,2
You searched for cabra | FireFly Farms,2
You searched for cheddar | FireFly Farms,2
You searched for eggs | FireFly Farms,2
You searched for gift card | FireFly Farms,2
You searched for gift cards | FireFly Farms,2
You searched for goat cave dweller | FireFly Farms,2
You searched for honey butter spread | FireFly Farms,2
You searched for honey butter | FireFly Farms,2
You searched for honey | FireFly Farms,2
You searched for jakes gouda | FireFly Farms,2
You searched for jelly | FireFly Farms,2
You searched for meat | FireFly Farms,2
You searched for merry | FireFly Farms,2
You searched for milk | FireFly Farms,2
You searched for mountain | FireFly Farms,2
You searched for pecorino | FireFly Farms,2
You searched for red dragon | FireFly Farms,2
You searched for sampler | FireFly Farms,2
You searched for sheep | FireFly Farms,2
You searched for spruce | FireFly Farms,2
2026 | FireFly Farms,1
"April 22, 2022 | FireFly Farms",1
February 2026 | FireFly Farms,1
FireFly Farms Online Gift Card | FireFly Farms,1
January 2026 | FireFly Farms,1
July 2024 | FireFly Farms,1
June 2023 | FireFly Farms,1
March 2026 | FireFly Farms,1
May 2025 | FireFly Farms,1
"May 5, 2023 | FireFly Farms",1
"October 30, 2019 | FireFly Farms",1
Recipes Archive | Page 4 of 4 | FireFly Farms,1
Recipes | FireFly Farms,1
You searched for 0119 | FireFly Farms,1
You searched for 16 oz | FireFly Farms,1
You searched for 5 lb. blocks American cheese | FireFly Farms,1
You searched for A2 cheese | FireFly Farms,1
You searched for Accessories | FireFly Farms,1
You searched for All cheeses | FireFly Farms,1
You searched for Alpine-style | FireFly Farms,1
You searched for Alternative | FireFly Farms,1
You searched for Animal | FireFly Farms,1
You searched for Applachian | FireFly Farms,1
You searched for Apple butter | FireFly Farms,1
You searched for BNL cheese | FireFly Farms,1
You searched for Basket | FireFly Farms,1
You searched for Baskets | FireFly Farms,1
You searched for Bearded iris | FireFly Farms,1
You searched for Beer cheese | FireFly Farms,1
You searched for Beer | FireFly Farms,1
You searched for Belper | FireFly Farms,1
You searched for Birthday mice | FireFly Farms,1
You searched for Bisou cranberry donuts | FireFly Farms,1
You searched for Bisousweet | FireFly Farms,1
You searched for Bisouswewt | FireFly Farms,1
You searched for Black & Blue goat blue cheese | FireFly Farms,1
You searched for Black & blue goat blue ceese | FireFly Farms,1
You searched for Black garlic | FireFly Farms,1
You searched for Black | FireFly Farms,1
You searched for Blackpepper | FireFly Farms,1
You searched for Bloody Mary mix | FireFly Farms,1
You searched for Boards | FireFly Farms,1
You searched for Bour | FireFly Farms,1
You searched for Bourbon | FireFly Farms,1
You searched for Braided cheese | FireFly Farms,1
You searched for Braided string cheese | FireFly Farms,1
You searched for Breads | FireFly Farms,1
You searched for Bri | FireFly Farms,1
You searched for Brie cheese | FireFly Farms,1
You searched for Buck | FireFly Farms,1
You searched for Burbank Potatoes | FireFly Farms,1
You searched for C | FireFly Farms,1
You searched for CBD | FireFly Farms,1
You searched for Cabra La Mancha | FireFly Farms,1
You searched for Cambozola | FireFly Farms,1
You searched for Cave dweller | FireFly Farms,1
You searched for Cha | FireFly Farms,1
You searched for Charcuterie boards | FireFly Farms,1
You searched for Charcuterie gray | FireFly Farms,1
You searched for Charcuterie tray | FireFly Farms,1
You searched for Charteruice boards | FireFly Farms,1
You searched for Chauterie board | FireFly Farms,1
You searched for Cheese balls | FireFly Farms,1
You searched for Cheese basket | FireFly Farms,1
You searched for Cheese club | FireFly Farms,1
You searched for Cheese cutter | FireFly Farms,1
You searched for Cheese platter | FireFly Farms,1
You searched for Cheeses platters | FireFly Farms,1
You searched for Chefdar | FireFly Farms,1
You searched for Chicken | FireFly Farms,1
You searched for Chickens | FireFly Farms,1
You searched for Chips | FireFly Farms,1
You searched for Chocolate milk | FireFly Farms,1
You searched for Chèvre | FireFly Farms,1
You searched for Clm | FireFly Farms,1
You searched for Comte cheese | FireFly Farms,1
You searched for Cottage cheese | FireFly Farms,1
You searched for Cottage | FireFly Farms,1
You searched for Coupon | FireFly Farms,1
You searched for Cow | FireFly Farms,1
You searched for Cowboy | FireFly Farms,1
You searched for Cows milk cheese | FireFly Farms,1
You searched for Cradocs crackers | FireFly Farms,1
You searched for Creamy | FireFly Farms,1
You searched for Cutter | FireFly Farms,1
You searched for Daily | FireFly Farms,1
You searched for Dairy free | FireFly Farms,1
You searched for Deakins | FireFly Farms,1
You searched for Deberry farms jelly | FireFly Farms,1
You searched for Deli meat | FireFly Farms,1
You searched for Delice de bourgon | FireFly Farms,1
You searched for Deluce | FireFly Farms,1
You searched for Dill havarti | FireFly Farms,1
You searched for Dinner | FireFly Farms,1
You searched for Double rose lily | FireFly Farms,1
You searched for Dressing | FireFly Farms,1
You searched for Dried Lavender | FireFly Farms,1
You searched for Dry curd cottage cheese | FireFly Farms,1
You searched for Dry curd | FireFly Farms,1
You searched for Duck eggs | FireFly Farms,1
You searched for Ducks | FireFly Farms,1
You searched for Dulce | FireFly Farms,1
You searched for Ecard | FireFly Farms,1
You searched for Egf | FireFly Farms,1
You searched for Egg | FireFly Farms,1
You searched for Elderberry jelly | FireFly Farms,1
You searched for Elderberry syrup | FireFly Farms,1
You searched for Elderberry’s | FireFly Farms,1
You searched for English walnuts | FireFly Farms,1
You searched for Espresso Sharp cheddar | FireFly Farms,1
You searched for Espresso | FireFly Farms,1
You searched for Esspresso | FireFly Farms,1
You searched for Extra sharp cheddar | FireFly Farms,1
You searched for Fall bulbs | FireFly Farms,1
You searched for Fenugreek | FireFly Farms,1
You searched for Feta cheese | FireFly Farms,1
You searched for Fig jam | FireFly Farms,1
You searched for Fior di later | FireFly Farms,1
You searched for Fior di latte | FireFly Farms,1
You searched for Fish | FireFly Farms,1
You searched for Fishy's | FireFly Farms,1
You searched for Flower seeds | FireFly Farms,1
You searched for Fondue | FireFly Farms,1
You searched for Fontina cheese | FireFly Farms,1
You searched for Fontina | FireFly Farms,1
You searched for Formaticum | FireFly Farms,1
You searched for Four fat | FireFly Farms,1
You searched for French cheese | FireFly Farms,1
You searched for Full cheese menu | FireFly Farms,1
You searched for GOAT milk | FireFly Farms,1
You searched for Garlic | FireFly Farms,1
You searched for Georges | FireFly Farms,1
You searched for Georgia | FireFly Farms,1
You searched for Get well package | FireFly Farms,1
You searched for Gift baskets | FireFly Farms,1
You searched for Gift certificates | FireFly Farms,1
You searched for Gloucester | FireFly Farms,1
You searched for Gluten free | FireFly Farms,1
You searched for Gluten ftee | FireFly Farms,1
You searched for Gluten-free bread | FireFly Farms,1
You searched for Goat Gouda | FireFly Farms,1
You searched for Goat Lady Dairy Provence | FireFly Farms,1
You searched for Goat blue cheese | FireFly Farms,1
You searched for Goat cheese mozzarella | FireFly Farms,1
You searched for Goat cheese with fruit | FireFly Farms,1
You searched for Goat cheesecake | FireFly Farms,1
You searched for Goat feta cheese | FireFly Farms,1
You searched for Goat milk | FireFly Farms,1
You searched for Goats milk soap | FireFly Farms,1
You searched for Grad | FireFly Farms,1
You searched for Gras | FireFly Farms,1
You searched for Gruyere | FireFly Farms,1
You searched for Guiness cheese | FireFly Farms,1
You searched for Guitar | FireFly Farms,1
You searched for Gummies | FireFly Farms,1
You searched for HONEY | FireFly Farms,1
You searched for Haloumi | FireFly Farms,1
You searched for Hatch chile | FireFly Farms,1
You searched for Hebert farms jelly | FireFly Farms,1
You searched for High temp | FireFly Farms,1
You searched for Honey butter | FireFly Farms,1
You searched for Horse radish cheese | FireFly Farms,1
You searched for Horseradish cheddar | FireFly Farms,1
You searched for Hot honey goat cheese | FireFly Farms,1
You searched for Hot sauce | FireFly Farms,1
You searched for Hummingbird plants | FireFly Farms,1
You searched for Hummus | FireFly Farms,1
You searched for Imperial buck | FireFly Farms,1
You searched for Ink | FireFly Farms,1
You searched for Italian bread | FireFly Farms,1
You searched for Italian dinner | FireFly Farms,1
You searched for Jack daniels | FireFly Farms,1
You searched for Jake | FireFly Farms,1
You searched for Jakes Gouda | FireFly Farms,1
You searched for Jake’s goods | FireFly Farms,1
You searched for Jake’s gouda | FireFly Farms,1
You searched for Kale seeds | FireFly Farms,1
You searched for Ketchup | FireFly Farms,1
You searched for Kim chee | FireFly Farms,1
You searched for Kim | FireFly Farms,1
You searched for Labneh | FireFly Farms,1
You searched for Lavendar | FireFly Farms,1
You searched for Lemon honey cheese | FireFly Farms,1
You searched for Limberger cheese | FireFly Farms,1
You searched for Limburger | FireFly Farms,1
You searched for Longhorne | FireFly Farms,1
You searched for Lotion bars | FireFly Farms,1
You searched for Lutz beets | FireFly Farms,1
You searched for MERRY GOAT ROUND | FireFly Farms,1
You searched for Machete | FireFly Farms,1
You searched for Manchego | FireFly Farms,1
You searched for Mango Ginger Stilton | FireFly Farms,1
You searched for Mango ginger | FireFly Farms,1
You searched for Mary host round | FireFly Farms,1
You searched for Maryland produced goat cheese | FireFly Farms,1
You searched for Menu | FireFly Farms,1
You searched for Minimum shipping | FireFly Farms,1
You searched for Monthly sampler Wine sampler | FireFly Farms,1
You searched for Moo and blue | FireFly Farms,1
You searched for Mother’s Day | FireFly Farms,1
You searched for Mozarella | FireFly Farms,1
You searched for Mozarells | FireFly Farms,1
You searched for Munchee cheese | FireFly Farms,1
You searched for Mushroom coffee | FireFly Farms,1
You searched for Mustard spread | FireFly Farms,1
You searched for Naked lady bulbs | FireFly Farms,1
You searched for Nate’s nuts | FireFly Farms,1
You searched for Nat’s nuts | FireFly Farms,1
You searched for Non gmo | FireFly Farms,1
You searched for Nñ | FireFly Farms,1
You searched for Oil | FireFly Farms,1
You searched for Older | FireFly Farms,1
You searched for Onion bulbs | FireFly Farms,1
You searched for Pairing | FireFly Farms,1
You searched for Parm | FireFly Farms,1
You searched for Parmacean cheese | FireFly Farms,1
You searched for Parmesan wedge | FireFly Farms,1
You searched for Parmigiano Reggiano | FireFly Farms,1
You searched for Party | FireFly Farms,1
You searched for Peach | FireFly Farms,1
You searched for Pecorino | FireFly Farms,1
You searched for Peony | FireFly Farms,1
You searched for Peony’s | FireFly Farms,1
You searched for Pie | FireFly Farms,1
You searched for Pimento | FireFly Farms,1
You searched for Pinch bowls | FireFly Farms,1
You searched for Pinkfresh | FireFly Farms,1
You searched for Plate | FireFly Farms,1
You searched for Platters | FireFly Farms,1
You searched for Potatoes | FireFly Farms,1
You searched for Proseca | FireFly Farms,1
You searched for Prospect | FireFly Farms,1
You searched for Provolone cheese | FireFly Farms,1
You searched for Quail eggs | FireFly Farms,1
You searched for Quail | FireFly Farms,1
You searched for Quark | FireFly Farms,1
You searched for Raw goat milk | FireFly Farms,1
You searched for Raw goats milk | FireFly Farms,1
You searched for Recipes | FireFly Farms,1
You searched for Rely meat | FireFly Farms,1
You searched for Rennet | FireFly Farms,1
You searched for Ricotta cheese | FireFly Farms,1
You searched for Roll | FireFly Farms,1
You searched for Rosemary Asiago | FireFly Farms,1
You searched for Rosemary | FireFly Farms,1
You searched for Rosmery | FireFly Farms,1
You searched for Rub | FireFly Farms,1
You searched for Salami | FireFly Farms,1
You searched for Sale | FireFly Farms,1
You searched for Salt | FireFly Farms,1
You searched for Sampler that contains a sample of each cheese | FireFly Farms,1
You searched for Samplers | FireFly Farms,1
You searched for Sartori | FireFly Farms,1
You searched for Sartorial black pepper belavatona | FireFly Farms,1
You searched for Satori cheese | FireFly Farms,1
You searched for Satori | FireFly Farms,1
You searched for Scars | FireFly Farms,1
You searched for Scrapple | FireFly Farms,1
You searched for Sephora | FireFly Farms,1
You searched for Sheep cheese | FireFly Farms,1
You searched for Skin products | FireFly Farms,1
You searched for Sleep gummies | FireFly Farms,1
You searched for Smoked Gouda | FireFly Farms,1
You searched for Smoked cheese | FireFly Farms,1
You searched for Smoky | FireFly Farms,1
You searched for Soaps | FireFly Farms,1
You searched for Sourdough starter | FireFly Farms,1
You searched for Sourdough | FireFly Farms,1
You searched for Strawberry rhubarb jam | FireFly Farms,1
You searched for Strawflower | FireFly Farms,1
You searched for Subscription | FireFly Farms,1
You searched for Sumatra | FireFly Farms,1
You searched for Surprise lily | FireFly Farms,1
You searched for Syrup | FireFly Farms,1
You searched for Taffy | FireFly Farms,1
You searched for Talaggia | FireFly Farms,1
You searched for Taleggio | FireFly Farms,1
You searched for Talligia | FireFly Farms,1
You searched for Tapairings | FireFly Farms,1
You searched for Tapenade | FireFly Farms,1
You searched for Tastings | FireFly Farms,1
You searched for Thc | FireFly Farms,1
You searched for Thx | FireFly Farms,1
You searched for Tomato basil | FireFly Farms,1
You searched for Tomato seeds | FireFly Farms,1
You searched for Touvelle | FireFly Farms,1
You searched for Tray | FireFly Farms,1
You searched for Trays | FireFly Farms,1
You searched for Tripel cream | FireFly Farms,1
You searched for Truffle cheese | FireFly Farms,1
You searched for Tulips | FireFly Farms,1
You searched for Tussey | FireFly Farms,1
You searched for Tworag | FireFly Farms,1
You searched for Valley Milkhouse oley pa | FireFly Farms,1
You searched for Vermouth | FireFly Farms,1
You searched for Vinegar | FireFly Farms,1
You searched for Washed rind | FireFly Farms,1
You searched for Weed | FireFly Farms,1
You searched for Whiskey cheddar | FireFly Farms,1
You searched for Wight | FireFly Farms,1
You searched for Wild Thing Rose Wine | FireFly Farms,1
You searched for Wine and cheese tasting | FireFly Farms,1
You searched for Wine powder | FireFly Farms,1
You searched for Wine sampler | FireFly Farms,1
You searched for Winery mchenry md | FireFly Farms,1
You searched for Wolffer | FireFly Farms,1
You searched for Yea | FireFly Farms,1
You searched for Yellow cheese | FireFly Farms,1
You searched for adow | FireFly Farms,1
You searched for african blue basil | FireFly Farms,1
You searched for allegh | FireFly Farms,1
You searched for allegheny | FireFly Farms,1
You searched for avignon parrot | FireFly Farms,1
You searched for ayako | FireFly Farms,1
You searched for bacon jam | FireFly Farms,1
You searched for baked brie | FireFly Farms,1
You searched for beets | FireFly Farms,1
You searched for bellavitano black | FireFly Farms,1
You searched for bisousweet | FireFly Farms,1
You searched for bloomy | FireFly Farms,1
You searched for bre | FireFly Farms,1
You searched for brick | FireFly Farms,1
You searched for burratta | FireFly Farms,1
You searched for butter | FireFly Farms,1
You searched for cabrita | FireFly Farms,1
You searched for cat treats | FireFly Farms,1
You searched for cbd | FireFly Farms,1
You searched for chachuterie | FireFly Farms,1
You searched for champagne mustard | FireFly Farms,1
You searched for charcuterri | FireFly Farms,1
You searched for chedar | FireFly Farms,1
You searched for cheese baskets | FireFly Farms,1
You searched for cheese boards | FireFly Farms,1
You searched for cheese platters | FireFly Farms,1
You searched for cheese | FireFly Farms,1
You searched for chevre | FireFly Farms,1
You searched for christmas box | FireFly Farms,1
You searched for chutney | FireFly Farms,1
You searched for cider | FireFly Farms,1
You searched for cielo pinot grigio | FireFly Farms,1
You searched for coffee | FireFly Farms,1
You searched for colchicum | FireFly Farms,1
You searched for croatia | FireFly Farms,1
You searched for cult crackers | FireFly Farms,1
You searched for deli tray | FireFly Farms,1
You searched for dirt lover | FireFly Farms,1
You searched for esspresso | FireFly Farms,1
You searched for expressing | FireFly Farms,1
You searched for fat free | FireFly Farms,1
You searched for fondue | FireFly Farms,1
You searched for garlic | FireFly Farms,1
You searched for gift certificates | FireFly Farms,1
You searched for gift certificatte | FireFly Farms,1
You searched for gifts | FireFly Farms,1
You searched for gists | FireFly Farms,1
You searched for goat cheese | FireFly Farms,1
You searched for gooda | FireFly Farms,1
You searched for havarti | FireFly Farms,1
You searched for hoop cheese | FireFly Farms,1
You searched for hot ppper jelly | FireFly Farms,1
You searched for hot | FireFly Farms,1
You searched for jelly jams | FireFly Farms,1
You searched for jelly/ jams | FireFly Farms,1
You searched for jumpingjack | FireFly Farms,1
You searched for ketchup | FireFly Farms,1
You searched for key lime goat cheese | FireFly Farms,1
You searched for lawn fawn | FireFly Farms,1
You searched for lemon honey cheese | FireFly Farms,1
You searched for lip balm | FireFly Farms,1
You searched for malbec argentina libreator | FireFly Farms,1
You searched for malbec argentina wine | FireFly Farms,1
You searched for malbec wine | FireFly Farms,1
You searched for mango ginger | FireFly Farms,1
You searched for market box | FireFly Farms,1
You searched for meat crafters | FireFly Farms,1
You searched for mothers day | FireFly Farms,1
You searched for mozarella | FireFly Farms,1
You searched for mustard | FireFly Farms,1
You searched for nettle | FireFly Farms,1
You searched for nut | FireFly Farms,1
You searched for nuts | FireFly Farms,1
You searched for pairing | FireFly Farms,1
You searched for parmasean | FireFly Farms,1
You searched for pepper jelly | FireFly Farms,1
You searched for pesto | FireFly Farms,1
You searched for picked | FireFly Farms,1
You searched for pickles | FireFly Farms,1
You searched for platter | FireFly Farms,1
You searched for plum granny seed | FireFly Farms,1
You searched for presstapes | FireFly Farms,1
You searched for quail | FireFly Farms,1
You searched for quince | FireFly Farms,1
You searched for raw milk | FireFly Farms,1
You searched for raw | FireFly Farms,1
You searched for red dragon cheddar | FireFly Farms,1
You searched for red | FireFly Farms,1
You searched for ricotta | FireFly Farms,1
You searched for ripened spruce reserve | FireFly Farms,1
You searched for roMANO | FireFly Farms,1
You searched for rock | FireFly Farms,1
You searched for romano | FireFly Farms,1
You searched for route 11 | FireFly Farms,1
You searched for salami | FireFly Farms,1
You searched for sampler gift boxes | FireFly Farms,1
You searched for samplers | FireFly Farms,1
You searched for sandwich | FireFly Farms,1
You searched for sauce | FireFly Farms,1
You searched for sauces | FireFly Farms,1
You searched for secret sauce | FireFly Farms,1
You searched for shirt | FireFly Farms,1
You searched for soft ripened spruce reserve | FireFly Farms,1
You searched for sourdough crackers | FireFly Farms,1
You searched for sourdough | FireFly Farms,1
You searched for spreads | FireFly Farms,1
You searched for spruce reserve | FireFly Farms,1
You searched for steak | FireFly Farms,1
You searched for super 8 | FireFly Farms,1
You searched for syrup | FireFly Farms,1
You searched for toffee | FireFly Farms,1
You searched for tomato and white sultana | FireFly Farms,1
You searched for tortillas | FireFly Farms,1
You searched for trailhead | FireFly Farms,1
You searched for tray | FireFly Farms,1
You searched for truffle | FireFly Farms,1
You searched for turkey | FireFly Farms,1
You searched for vegan | FireFly Farms,1
You searched for virtual tasting | FireFly Farms,1
You searched for white rock | FireFly Farms,1
You searched for white | FireFly Farms,1
You searched for wholesale | FireFly Farms,1
You searched for wool | FireFly Farms,1
You searched for | FireFly Farms,1
You searched for 🥚 | FireFly Farms,1
網上購物 |螢火蟲農場,1
﻿﻿​​Contact | FireFly Farms,1
﻿﻿﻿​Visit | FireFly Farms,1
